case,epsilon,S_sub,N0_cm3,f_ent,L0_m,kappa_hygro,N0_m3,V_cloud_m3,nphysical_cloud_droplets,nparticles,particle_weight,eta_m,tau_eta_s,max_grid_spacing_m,dx_over_eta,tau_p0_s,St0,tau_mix_s,tau_evap_to_ccn_s,Da_nominal,St_times_Da_nominal,nearest_periodic_shell,L0_effective_simple_mode_m,warnings
case_000,0.0010251079140938329,-0.4263508913008106,367.7037055374163,0.3036579504108027,0.22351361772783584,0.5951367999051753,367703705.5374163,0.6963420495891973,256047551.95546713,12500000,20.483804156437373,0.0013470262147340193,0.120965308212044,0.00390625,2.8999064437445408,0.0012308641975308644,0.010175348748529146,3.652689839061741,1.1727136267371736,3.1147330053839095,0.03169349458833559,4,0.25,"Under-resolved Kolmogorov scale: max(dx,dy,dz)/eta=2.9. Treat this as DNS-style/no-SGS, not resolved DNS, unless the box/grid is changed. | Fixed numerical population uses super-droplet weight=20.4838; it is not literal 1:1 physical sampling. | kappa_hygro is sampled but inactive in the requested clamp-only dr^2/dt=2GS law. A kappa-Kohler equilibrium term is required for it to affect trajectories/survival. | Nearest simple periodic Fourier wavelength is 0.25 m, 11.9% from sampled L0."
case_001,0.0024702364743174493,-0.45795263870242725,228.05970767718435,0.3453994835768833,0.3140618620147936,0.019847979271706815,228059707.67718434,0.6546005164231167,149288002.4207899,12500000,11.943040193663192,0.0010811446704642436,0.07792491989821586,0.00390625,3.6130687286491048,0.0012308641975308644,0.015795514440548636,3.4179362444923522,1.0917886649079591,3.1305841087665933,0.04944918649737481,3,0.3333333333333333,"Under-resolved Kolmogorov scale: max(dx,dy,dz)/eta=3.61. Treat this as DNS-style/no-SGS, not resolved DNS, unless the box/grid is changed. | Fixed numerical population uses super-droplet weight=11.943; it is not literal 1:1 physical sampling. | kappa_hygro is sampled but inactive in the requested clamp-only dr^2/dt=2GS law. A kappa-Kohler equilibrium term is required for it to affect trajectories/survival. | Nearest simple periodic Fourier wavelength is 0.333333 m, 6.1% from sampled L0."
case_002,0.00011059288324347594,-0.2713523918727203,361.3920948343543,0.41064018221388765,0.1002917879668691,0.3687515774458933,361392094.8343543,0.5893598177861123,212989979.16091648,12500000,17.03919833287332,0.00235037224037859,0.36828331122281815,0.00390625,1.661970786112924,0.0012308641975308644,0.0033421666418823118,4.4971204766005215,1.8425763508085187,2.4406698124759902,0.008157125231106411,10,0.1,"Under-resolved Kolmogorov scale: max(dx,dy,dz)/eta=1.66. Treat this as DNS-style/no-SGS, not resolved DNS, unless the box/grid is changed. | Fixed numerical population uses super-droplet weight=17.0392; it is not literal 1:1 physical sampling. | kappa_hygro is sampled but inactive in the requested clamp-only dr^2/dt=2GS law. A kappa-Kohler equilibrium term is required for it to affect trajectories/survival."
case_003,0.0002835781479387083,-0.1269639994439864,191.53625035330924,0.3551730874274458,0.45352008212975603,0.13162290190388598,191536250.35330924,0.6448269125725542,123507728.9610482,12500000,9.880618316883856,0.0018573778146877783,0.22999015643295648,0.00390625,2.103099309742016,0.0012308641975308644,0.005351812515026784,8.98476580072079,3.9380257568255255,2.2815406387700934,0.012210377744111989,2,0.5,"Under-resolved Kolmogorov scale: max(dx,dy,dz)/eta=2.1. Treat this as DNS-style/no-SGS, not resolved DNS, unless the box/grid is changed. | Fixed numerical population uses super-droplet weight=9.88062; it is not literal 1:1 physical sampling. | kappa_hygro is sampled but inactive in the requested clamp-only dr^2/dt=2GS law. A kappa-Kohler equilibrium term is required for it to affect trajectories/survival. | Nearest simple periodic Fourier wavelength is 0.5 m, 10.2% from sampled L0."
case_004,0.003812493032720311,-0.25703866066121484,146.1749057359046,0.2617094904962872,0.07483161738078253,0.43161753449170764,146174905.73590457,0.7382905095037128,107919545.63241817,12500000,8.633563650593453,0.0009699875937343946,0.06272506213324273,0.00390625,4.027113362307212,0.0012308641975308644,0.019623164261140472,1.1367206120789861,1.945184038517068,0.584376896771977,0.011467323835772035,13,0.07692307692307693,"Under-resolved Kolmogorov scale: max(dx,dy,dz)/eta=4.03. Treat this as DNS-style/no-SGS, not resolved DNS, unless the box/grid is changed. | Fixed numerical population uses super-droplet weight=8.63356; it is not literal 1:1 physical sampling. | kappa_hygro is sampled but inactive in the requested clamp-only dr^2/dt=2GS law. A kappa-Kohler equilibrium term is required for it to affect trajectories/survival."
case_005,0.00023745068247936425,-0.25372141415653393,115.57206747506982,0.18383874353457033,0.29635413773794295,0.16038579857774554,115572067.47506982,0.8161612564654297,94325443.8027604,12500000,7.546035504220833,0.0019416685165800733,0.25133844188521753,0.00390625,2.011800658374072,0.0012308641975308644,0.004897238115659925,7.178210494521622,1.9706160856077042,3.642622501129125,0.017838789753490042,3,0.3333333333333333,"Under-resolved Kolmogorov scale: max(dx,dy,dz)/eta=2.01. Treat this as DNS-style/no-SGS, not resolved DNS, unless the box/grid is changed. | Fixed numerical population uses super-droplet weight=7.54604; it is not literal 1:1 physical sampling. | kappa_hygro is sampled but inactive in the requested clamp-only dr^2/dt=2GS law. A kappa-Kohler equilibrium term is required for it to affect trajectories/survival. | Nearest simple periodic Fourier wavelength is 0.333333 m, 12.5% from sampled L0."
case_006,0.003999727171071978,-0.06665764086722747,400.71941356391903,0.1941385812517193,0.17301046983185933,0.3605574285542988,400719413.563919,0.8058614187482807,322924315.1345988,12500000,25.833945210767904,0.000958430999768832,0.06123933208785886,0.00390625,4.075671593408566,0.0012308641975308644,0.02009924268548468,1.956011787197988,7.500828014539308,0.26077278180575963,0.005241335427282907,6,0.16666666666666666,"Under-resolved Kolmogorov scale: max(dx,dy,dz)/eta=4.08. Treat this as DNS-style/no-SGS, not resolved DNS, unless the box/grid is changed. | Fixed numerical population uses super-droplet weight=25.8339; it is not literal 1:1 physical sampling. | kappa_hygro is sampled but inactive in the requested clamp-only dr^2/dt=2GS law. A kappa-Kohler equilibrium term is required for it to affect trajectories/survival."
case_007,0.000721529011794229,-0.43228477389744974,421.1503503118115,0.2215014090907704,0.10409706129620994,0.3802252330916309,421150350.3118115,0.7784985909092296,327864954.27867365,12500000,26.229196342293893,0.0014706353287930684,0.14418455135295305,0.00390625,2.656164940091443,0.0012308641975308644,0.008536727312191723,2.467219071731276,1.156616032279248,2.1331358055527994,0.018209998691876676,10,0.1,"Under-resolved Kolmogorov scale: max(dx,dy,dz)/eta=2.66. Treat this as DNS-style/no-SGS, not resolved DNS, unless the box/grid is changed. | Fixed numerical population uses super-droplet weight=26.2292; it is not literal 1:1 physical sampling. | kappa_hygro is sampled but inactive in the requested clamp-only dr^2/dt=2GS law. A kappa-Kohler equilibrium term is required for it to affect trajectories/survival."
case_008,0.0006912209639792772,-0.3126404229926788,324.0124254991558,0.3874995036491993,0.34756317036476075,0.15583579534236622,324012425.4991558,0.6125004963508007,198457771.4420598,12500000,15.876621715364783,0.0014864976225761283,0.14731167879496546,0.00390625,2.6278212226336395,0.0012308641975308644,0.008355509947341192,5.590923281603255,1.5992413751682661,3.495984638976089,0.029210734426716716,3,0.3333333333333333,"Under-resolved Kolmogorov scale: max(dx,dy,dz)/eta=2.63. Treat this as DNS-style/no-SGS, not resolved DNS, unless the box/grid is changed. | Fixed numerical population uses super-droplet weight=15.8766; it is not literal 1:1 physical sampling. | kappa_hygro is sampled but inactive in the requested clamp-only dr^2/dt=2GS law. A kappa-Kohler equilibrium term is required for it to affect trajectories/survival."
case_009,0.0001592361283099463,-0.32916399766399307,412.4358395630453,0.48284941592079156,0.1839658144813559,0.3203894753984973,412435839.5630453,0.5171505840792084,213291435.3252276,12500000,17.063314826018207,0.002145645854558798,0.306919742212357,0.00390625,1.8205474084646782,0.0012308641975308644,0.004010378050817052,5.96775357837513,1.5189616833806405,3.928837470799884,0.015756123558123437,5,0.2,"Under-resolved Kolmogorov scale: max(dx,dy,dz)/eta=1.82. Treat this as DNS-style/no-SGS, not resolved DNS, unless the box/grid is changed. | Fixed numerical population uses super-droplet weight=17.0633; it is not literal 1:1 physical sampling. | kappa_hygro is sampled but inactive in the requested clamp-only dr^2/dt=2GS law. A kappa-Kohler equilibrium term is required for it to affect trajectories/survival. | Nearest simple periodic Fourier wavelength is 0.2 m, 8.7% from sampled L0."
case_010,0.0001536539898419067,-0.28366035776727844,235.91411434865236,0.238035789262274,0.4950318787052205,0.5632952582756988,235914114.34865236,0.761964210737726,179758111.94156054,12500000,14.380648955324842,0.0021648732982566055,0.3124450931669622,0.00390625,1.8043781144816848,0.0012308641975308644,0.003939457602149392,11.683532318092178,1.7626273333907356,6.628475626561838,0.02611259869772099,2,0.5,"Under-resolved Kolmogorov scale: max(dx,dy,dz)/eta=1.8. Treat this as DNS-style/no-SGS, not resolved DNS, unless the box/grid is changed. | Fixed numerical population uses super-droplet weight=14.3806; it is not literal 1:1 physical sampling. | kappa_hygro is sampled but inactive in the requested clamp-only dr^2/dt=2GS law. A kappa-Kohler equilibrium term is required for it to affect trajectories/survival."
case_011,0.0005398440663628962,-0.17285373312197982,383.0031718936779,0.24316855384223493,0.44449995471515324,0.06184073012551561,383003171.8936779,0.7568314461577651,289868844.46730334,12500000,23.189507557384267,0.0015812529954710914,0.16669073571241996,0.00390625,2.4703510514686733,0.0012308641975308644,0.007384118813023836,7.15305728839199,2.8925467270479355,2.4729271342462393,0.018260387775224776,2,0.5,"Under-resolved Kolmogorov scale: max(dx,dy,dz)/eta=2.47. Treat this as DNS-style/no-SGS, not resolved DNS, unless the box/grid is changed. | Fixed numerical population uses super-droplet weight=23.1895; it is not literal 1:1 physical sampling. | kappa_hygro is sampled but inactive in the requested clamp-only dr^2/dt=2GS law. A kappa-Kohler equilibrium term is required for it to affect trajectories/survival. | Nearest simple periodic Fourier wavelength is 0.5 m, 12.5% from sampled L0."
case_012,0.0011358072809673162,-0.38807577263471543,345.91199824610806,0.2306354091775312,0.1641309235053287,0.09076123203175608,345911998.24610806,0.7693645908224688,266132442.99119946,12500000,21.290595439295956,0.0013129321472822265,0.11491938822447455,0.00390625,2.975210872919784,0.0012308641975308644,0.010710674817782623,2.873152817929298,1.2883759699954884,2.230057750874816,0.023885423394495845,6,0.16666666666666666,"Under-resolved Kolmogorov scale: max(dx,dy,dz)/eta=2.98. Treat this as DNS-style/no-SGS, not resolved DNS, unless the box/grid is changed. | Fixed numerical population uses super-droplet weight=21.2906; it is not literal 1:1 physical sampling. | kappa_hygro is sampled but inactive in the requested clamp-only dr^2/dt=2GS law. A kappa-Kohler equilibrium term is required for it to affect trajectories/survival."
case_013,0.0012309108575750357,-0.09157077270381198,151.41835315922287,0.42193273417516863,0.3897876299182298,0.04838040441030588,151418353.15922287,0.5780672658248314,87529993.40645069,12500000,7.002399472516055,0.0012868021968448005,0.11039065958697364,0.00390625,3.03562584022471,0.0012308641975308644,0.011150075578279354,4.97901193695924,5.460121010633192,0.9118867379061697,0.01016760604648441,3,0.3333333333333333,"Under-resolved Kolmogorov scale: max(dx,dy,dz)/eta=3.04. Treat this as DNS-style/no-SGS, not resolved DNS, unless the box/grid is changed. | Fixed numerical population uses super-droplet weight=7.0024; it is not literal 1:1 physical sampling. | kappa_hygro is sampled but inactive in the requested clamp-only dr^2/dt=2GS law. A kappa-Kohler equilibrium term is required for it to affect trajectories/survival. | Nearest simple periodic Fourier wavelength is 0.333333 m, 14.5% from sampled L0."
case_014,0.005270780614631827,-0.18464568900694844,243.9813206776211,0.4432475217292199,0.4900690287945833,0.3409058137549896,243981320.67762113,0.5567524782707801,135837204.9390435,12500000,10.86697639512348,0.0008945398850017614,0.053346773723930964,0.00390625,4.366770074195527,0.0012308641975308644,0.023072889166654665,3.5717401687399097,2.7078211394428218,1.319045824967174,0.030434198125206174,2,0.5,"Under-resolved Kolmogorov scale: max(dx,dy,dz)/eta=4.37. Treat this as DNS-style/no-SGS, not resolved DNS, unless the box/grid is changed. | Fixed numerical population uses super-droplet weight=10.867; it is not literal 1:1 physical sampling. | kappa_hygro is sampled but inactive in the requested clamp-only dr^2/dt=2GS law. A kappa-Kohler equilibrium term is required for it to affect trajectories/survival."
case_015,0.00016878095605439033,-0.07845286614366326,253.86739801160195,0.17012127544273747,0.24767005551024107,0.24746892807989182,253867398.01160195,0.8298787245572625,210679152.46853915,12500000,16.85433219748313,0.002114645554169833,0.2981150546513493,0.00390625,1.8472362861460794,0.0012308641975308644,0.004128822675427718,7.136323353831212,6.373094121053788,1.1197580356229266,0.004623282368472338,4,0.25,"Under-resolved Kolmogorov scale: max(dx,dy,dz)/eta=1.85. Treat this as DNS-style/no-SGS, not resolved DNS, unless the box/grid is changed. | Fixed numerical population uses super-droplet weight=16.8543; it is not literal 1:1 physical sampling. | kappa_hygro is sampled but inactive in the requested clamp-only dr^2/dt=2GS law. A kappa-Kohler equilibrium term is required for it to affect trajectories/survival."
case_016,0.00011897856180568926,-0.05660371652716717,391.3731915477224,0.44626667908410267,0.3249223380792252,0.27768975765406284,391373191.5477224,0.5537333209158973,216716377.0731739,12500000,17.337310165853914,0.0023078164547904916,0.3550677859334502,0.00390625,1.6926172754733295,0.0012308641975308644,0.003466561164637908,9.609411870303878,8.833121403963451,1.0878840481001544,0.003771216592773073,3,0.3333333333333333,"Under-resolved Kolmogorov scale: max(dx,dy,dz)/eta=1.69. Treat this as DNS-style/no-SGS, not resolved DNS, unless the box/grid is changed. | Fixed numerical population uses super-droplet weight=17.3373; it is not literal 1:1 physical sampling. | kappa_hygro is sampled but inactive in the requested clamp-only dr^2/dt=2GS law. A kappa-Kohler equilibrium term is required for it to affect trajectories/survival."
case_017,0.003755112098285309,-0.26156557187046225,432.972793345212,0.402337230184747,0.40616920718695143,0.03792719364821879,432972793.345212,0.597662769815253,258771718.92534655,12500000,20.701737514027723,0.000973672082101814,0.06320248823096544,0.00390625,4.011874297112213,0.0012308641975308644,0.019474932585451826,3.5285561121788773,1.9115187691735438,1.8459437433117485,0.03594962995753289,2,0.5,"Under-resolved Kolmogorov scale: max(dx,dy,dz)/eta=4.01. Treat this as DNS-style/no-SGS, not resolved DNS, unless the box/grid is changed. | Fixed numerical population uses super-droplet weight=20.7017; it is not literal 1:1 physical sampling. | kappa_hygro is sampled but inactive in the requested clamp-only dr^2/dt=2GS law. A kappa-Kohler equilibrium term is required for it to affect trajectories/survival. | Nearest simple periodic Fourier wavelength is 0.5 m, 23.1% from sampled L0."
case_018,0.00033280972371121204,-0.29778374433197663,335.09344399320946,0.3060742816459717,0.06917255190954938,0.11189740081370575,335093443.9932095,0.6939257183540283,232529958.83871323,12500000,18.602396707097057,0.0017845118763830448,0.2122988424634757,0.00390625,2.18897394390976,0.0012308641975308644,0.005797790431865519,2.4315910139446286,1.6790288574066747,1.448212758951812,0.00839643407715638,14,0.07142857142857142,"Under-resolved Kolmogorov scale: max(dx,dy,dz)/eta=2.19. Treat this as DNS-style/no-SGS, not resolved DNS, unless the box/grid is changed. | Fixed numerical population uses super-droplet weight=18.6024; it is not literal 1:1 physical sampling. | kappa_hygro is sampled but inactive in the requested clamp-only dr^2/dt=2GS law. A kappa-Kohler equilibrium term is required for it to affect trajectories/survival."
case_019,0.0030603846062694216,-0.19574493237431245,92.81688199128564,0.10621046925131335,0.4710669646598319,0.1210202552483507,92816881.99128564,0.8937895307486866,82958757.40054742,12500000,6.636700592043793,0.0010247653729858845,0.07000960464472661,0.00390625,3.811848158587035,0.0012308641975308644,0.017581361925653693,4.169939585497465,2.5542806852537105,1.632529897583779,0.028702098983870775,2,0.5,"Under-resolved Kolmogorov scale: max(dx,dy,dz)/eta=3.81. Treat this as DNS-style/no-SGS, not resolved DNS, unless the box/grid is changed. | Fixed numerical population uses super-droplet weight=6.6367; it is not literal 1:1 physical sampling. | kappa_hygro is sampled but inactive in the requested clamp-only dr^2/dt=2GS law. A kappa-Kohler equilibrium term is required for it to affect trajectories/survival. | Nearest simple periodic Fourier wavelength is 0.5 m, 6.1% from sampled L0."
case_020,0.00010285040962716497,-0.1889906025295725,144.20285226485748,0.254268901535755,0.16925035528837762,0.18818463011379627,144202852.26485747,0.745731098464245,107536551.4211494,12500000,8.602924113691952,0.002393409099618533,0.3818938078757865,0.00390625,1.6320862156923306,0.0012308641975308644,0.003223053561348162,6.530569426126852,2.645568051045099,2.46849421376518,0.007956089066843194,6,0.16666666666666666,"Under-resolved Kolmogorov scale: max(dx,dy,dz)/eta=1.63. Treat this as DNS-style/no-SGS, not resolved DNS, unless the box/grid is changed. | Fixed numerical population uses super-droplet weight=8.60292; it is not literal 1:1 physical sampling. | kappa_hygro is sampled but inactive in the requested clamp-only dr^2/dt=2GS law. A kappa-Kohler equilibrium term is required for it to affect trajectories/survival."
case_021,0.0004508338029989217,-0.06168451858966029,177.4175637158645,0.2113400648291718,0.4132861103603077,0.4383975343424588,177417563.7158645,0.7886599351708282,139922124.29832,12500000,11.1937699438656,0.0016541097684894103,0.182405275080806,0.00390625,2.3615421868690865,0.0012308641975308644,0.006747963823883867,7.23594153848958,8.105558921940087,0.8927134585257741,0.006023998123226175,2,0.5,"Under-resolved Kolmogorov scale: max(dx,dy,dz)/eta=2.36. Treat this as DNS-style/no-SGS, not resolved DNS, unless the box/grid is changed. | Fixed numerical population uses super-droplet weight=11.1938; it is not literal 1:1 physical sampling. | kappa_hygro is sampled but inactive in the requested clamp-only dr^2/dt=2GS law. A kappa-Kohler equilibrium term is required for it to affect trajectories/survival. | Nearest simple periodic Fourier wavelength is 0.5 m, 21.0% from sampled L0."
case_022,0.0009030937825464323,-0.14582672005725544,222.28652117563988,0.32740492979090274,0.21867038630659574,0.2821387370681198,222286521.17563987,0.6725950702090973,149508818.31666547,12500000,11.960705465333238,0.00139038550394795,0.12887812330590634,0.00390625,2.809472616701154,0.0012308641975308644,0.009550606153763377,3.755049767906209,3.4286411969198216,1.095200562625107,0.010459829233012459,5,0.2,"Under-resolved Kolmogorov scale: max(dx,dy,dz)/eta=2.81. Treat this as DNS-style/no-SGS, not resolved DNS, unless the box/grid is changed. | Fixed numerical population uses super-droplet weight=11.9607; it is not literal 1:1 physical sampling. | kappa_hygro is sampled but inactive in the requested clamp-only dr^2/dt=2GS law. A kappa-Kohler equilibrium term is required for it to affect trajectories/survival. | Nearest simple periodic Fourier wavelength is 0.2 m, 8.5% from sampled L0."
case_023,0.006954799071571567,-0.3610334734423769,101.65907454767847,0.33135627573084947,0.43859838040613713,0.4221999411775889,101659074.54767847,0.6686437242691505,67973702.21131495,12500000,5.437896176905196,0.0008346363543916939,0.04644118960481715,0.00390625,4.680181949235824,0.0012308641975308644,0.026503718100347542,3.0242416247872654,1.3848785134318053,2.1837595106396934,0.05787774646894733,2,0.5,"Under-resolved Kolmogorov scale: max(dx,dy,dz)/eta=4.68. Treat this as DNS-style/no-SGS, not resolved DNS, unless the box/grid is changed. | Fixed numerical population uses super-droplet weight=5.4379; it is not literal 1:1 physical sampling. | kappa_hygro is sampled but inactive in the requested clamp-only dr^2/dt=2GS law. A kappa-Kohler equilibrium term is required for it to affect trajectories/survival. | Nearest simple periodic Fourier wavelength is 0.5 m, 14.0% from sampled L0."
case_024,0.0016867616484661165,-0.08840096907279582,294.2148224565412,0.25831483352089446,0.3633012459263345,0.30525772232610754,294214822.4565412,0.7416851664791055,218214769.57430023,12500000,17.45718156594402,0.001189337232497793,0.09430153684036732,0.00390625,3.284392259204959,0.0012308641975308644,0.013052429883666252,4.277204537160811,5.655905192490298,0.756236957939098,0.009870729868937141,3,0.3333333333333333,"Under-resolved Kolmogorov scale: max(dx,dy,dz)/eta=3.28. Treat this as DNS-style/no-SGS, not resolved DNS, unless the box/grid is changed. | Fixed numerical population uses super-droplet weight=17.4572; it is not literal 1:1 physical sampling. | kappa_hygro is sampled but inactive in the requested clamp-only dr^2/dt=2GS law. A kappa-Kohler equilibrium term is required for it to affect trajectories/survival. | Nearest simple periodic Fourier wavelength is 0.333333 m, 8.2% from sampled L0."
case_025,0.0009695631814494626,-0.06912511750210265,326.99585606721814,0.3157830368022617,0.49978190354689966,0.175421051378907,326995856.0672181,0.6842169631977383,223736111.6165567,12500000,17.898888929324535,0.0013659173311727248,0.12438201037320129,0.00390625,2.8597997190988433,0.0012308641975308644,0.009895837781024161,6.3629959410306425,7.233079929083541,0.8797076768702125,0.008705444465029244,2,0.5,"Under-resolved Kolmogorov scale: max(dx,dy,dz)/eta=2.86. Treat this as DNS-style/no-SGS, not resolved DNS, unless the box/grid is changed. | Fixed numerical population uses super-droplet weight=17.8989; it is not literal 1:1 physical sampling. | kappa_hygro is sampled but inactive in the requested clamp-only dr^2/dt=2GS law. A kappa-Kohler equilibrium term is required for it to affect trajectories/survival."
case_026,0.005662172702793051,-0.3434009458567998,380.4940220887244,0.3389328486429034,0.11852707750472576,0.07304392744020465,380494022.08872443,0.6610671513570966,251532099.29059726,12500000,20.12256794324778,0.0008786636625387,0.051469988791061495,0.00390625,4.445671497002361,0.0012308641975308644,0.023914211493759285,1.3537880625500283,1.4559875446834027,0.9298074475248364,0.022235611948581424,8,0.125,"Under-resolved Kolmogorov scale: max(dx,dy,dz)/eta=4.45. Treat this as DNS-style/no-SGS, not resolved DNS, unless the box/grid is changed. | Fixed numerical population uses super-droplet weight=20.1226; it is not literal 1:1 physical sampling. | kappa_hygro is sampled but inactive in the requested clamp-only dr^2/dt=2GS law. A kappa-Kohler equilibrium term is required for it to affect trajectories/survival. | Nearest simple periodic Fourier wavelength is 0.125 m, 5.5% from sampled L0."
case_027,0.0020276204732439817,-0.10990406127072161,67.88535655830428,0.1272623896346131,0.2590580588967209,0.47922729992361063,67885356.55830428,0.8727376103653869,59246103.861496724,12500000,4.739688308919738,0.0011358520792240302,0.08601066305850351,0.00390625,3.43904815728171,0.0012308641975308644,0.01431060003215699,3.210720607265155,4.549308680853967,0.7057601126908933,0.010099850691369419,4,0.25,"Under-resolved Kolmogorov scale: max(dx,dy,dz)/eta=3.44. Treat this as DNS-style/no-SGS, not resolved DNS, unless the box/grid is changed. | Fixed numerical population uses super-droplet weight=4.73969; it is not literal 1:1 physical sampling. | kappa_hygro is sampled but inactive in the requested clamp-only dr^2/dt=2GS law. A kappa-Kohler equilibrium term is required for it to affect trajectories/survival."
case_028,0.0005584192746306206,-0.09739437332326095,230.53338061357428,0.37647419313284447,0.1762277854008475,0.5401035682725247,230533380.61357427,0.6235258068671555,143743512.15689197,12500000,11.499480972551357,0.0015679360453817524,0.16389489616049124,0.00390625,2.4913324822817806,0.0012308641975308644,0.0075100825368323975,3.8170641225669146,5.133638453019203,0.743539724797335,0.005584044702641632,6,0.16666666666666666,"Under-resolved Kolmogorov scale: max(dx,dy,dz)/eta=2.49. Treat this as DNS-style/no-SGS, not resolved DNS, unless the box/grid is changed. | Fixed numerical population uses super-droplet weight=11.4995; it is not literal 1:1 physical sampling. | kappa_hygro is sampled but inactive in the requested clamp-only dr^2/dt=2GS law. A kappa-Kohler equilibrium term is required for it to affect trajectories/survival. | Nearest simple periodic Fourier wavelength is 0.166667 m, 5.4% from sampled L0."
case_029,0.006722650470823506,-0.13579063315784462,218.76206948122632,0.1615678025526589,0.1361960696830421,0.07784306932517938,218762069.48122633,0.8384321974473411,183417162.6332725,12500000,14.6733730106618,0.0008417503611136472,0.0472362446956637,0.00390625,4.640627649784406,0.0012308641975308644,0.02605762175763854,1.4025861284825203,3.6820470482585406,0.3809256400311036,0.00992601624571687,7,0.14285714285714285,"Under-resolved Kolmogorov scale: max(dx,dy,dz)/eta=4.64. Treat this as DNS-style/no-SGS, not resolved DNS, unless the box/grid is changed. | Fixed numerical population uses super-droplet weight=14.6734; it is not literal 1:1 physical sampling. | kappa_hygro is sampled but inactive in the requested clamp-only dr^2/dt=2GS law. A kappa-Kohler equilibrium term is required for it to affect trajectories/survival."
case_030,0.009625032408759724,-0.24207297956046875,312.6123288145713,0.150391326738005,0.19067179128869544,0.5883524600585677,312612328.8145713,0.849608673261995,265598145.92949045,12500000,21.247851674359236,0.0007695164251191803,0.03947703523521354,0.00390625,5.076239924826831,0.0012308641975308644,0.031179246116054146,1.5573643570771645,2.065441177730063,0.7540105106206515,0.023509479284732952,5,0.2,"Under-resolved Kolmogorov scale: max(dx,dy,dz)/eta=5.08. Treat this as DNS-style/no-SGS, not resolved DNS, unless the box/grid is changed. | Fixed numerical population uses super-droplet weight=21.2479; it is not literal 1:1 physical sampling. | kappa_hygro is sampled but inactive in the requested clamp-only dr^2/dt=2GS law. A kappa-Kohler equilibrium term is required for it to affect trajectories/survival."
case_031,0.00010883107534587666,-0.3515782607946071,440.5840543162673,0.3160527503299542,0.4231721662584461,0.456241257864558,440584054.3162673,0.6839472496700458,301336252.1980891,12500000,24.10690017584713,0.002359827262893588,0.37125231404638953,0.00390625,1.6553118363461101,0.0012308641975308644,0.0033154384523972633,11.80575472997449,1.4221229118944132,8.30150096818848,0.027523115522545195,2,0.5,"Under-resolved Kolmogorov scale: max(dx,dy,dz)/eta=1.66. Treat this as DNS-style/no-SGS, not resolved DNS, unless the box/grid is changed. | Fixed numerical population uses super-droplet weight=24.1069; it is not literal 1:1 physical sampling. | kappa_hygro is sampled but inactive in the requested clamp-only dr^2/dt=2GS law. A kappa-Kohler equilibrium term is required for it to affect trajectories/survival. | Nearest simple periodic Fourier wavelength is 0.5 m, 18.2% from sampled L0."
case_032,0.0004916321081751849,-0.3746818296405023,287.29803067910444,0.33423252924440017,0.20011555930974206,0.4428004544049736,287298030.67910445,0.6657674707555998,191273683.2382921,12500000,15.301894659063368,0.001618670249497063,0.17467289177379228,0.00390625,2.4132463058573608,0.0012308641975308644,0.007046681285410207,4.334847515585224,1.3344322047314794,3.248458408164319,0.022890851071244937,5,0.2,"Under-resolved Kolmogorov scale: max(dx,dy,dz)/eta=2.41. Treat this as DNS-style/no-SGS, not resolved DNS, unless the box/grid is changed. | Fixed numerical population uses super-droplet weight=15.3019; it is not literal 1:1 physical sampling. | kappa_hygro is sampled but inactive in the requested clamp-only dr^2/dt=2GS law. A kappa-Kohler equilibrium term is required for it to affect trajectories/survival."
case_033,0.0027820787530091753,-0.05191971673281731,125.65623337899392,0.2696068871146886,0.10979308329848628,0.55509811833096,125656233.37899391,0.7303931128853114,91778447.45112653,12500000,7.342275796090123,0.001049484646466395,0.07342786821124628,0.00390625,3.7220649326812993,0.0012308641975308644,0.016762902526187517,1.6302724187511672,9.6300120929583,0.16929079662768673,0.002837805122450547,9,0.1111111111111111,"Under-resolved Kolmogorov scale: max(dx,dy,dz)/eta=3.72. Treat this as DNS-style/no-SGS, not resolved DNS, unless the box/grid is changed. | Fixed numerical population uses super-droplet weight=7.34228; it is not literal 1:1 physical sampling. | kappa_hygro is sampled but inactive in the requested clamp-only dr^2/dt=2GS law. A kappa-Kohler equilibrium term is required for it to affect trajectories/survival."
case_034,0.00041077169470235504,-0.200080948463432,449.56740600543884,0.24519705921854454,0.2628060089465036,0.40883197613467054,449567406.00543886,0.7548029407814555,339334800.1323958,12500000,27.146784010591663,0.0016930442801005175,0.19109326229207196,0.00390625,2.307234397772563,0.0012308641975308644,0.006441170048421588,5.519376549745081,2.4989260788684278,2.208699407484828,0.014226608469457782,4,0.25,"Under-resolved Kolmogorov scale: max(dx,dy,dz)/eta=2.31. Treat this as DNS-style/no-SGS, not resolved DNS, unless the box/grid is changed. | Fixed numerical population uses super-droplet weight=27.1468; it is not literal 1:1 physical sampling. | kappa_hygro is sampled but inactive in the requested clamp-only dr^2/dt=2GS law. A kappa-Kohler equilibrium term is required for it to affect trajectories/survival."
case_035,0.0002510509984328894,-0.2462945975904683,372.7100902617659,0.14631206639806357,0.4788271525508367,0.3819735843096284,372710090.2617659,0.8536879336019364,318178106.7881581,12500000,25.45424854305265,0.00191482000481518,0.24443571005602704,0.00390625,2.0400089774375605,0.0012308641975308644,0.005035533462965531,9.702087688230968,2.0300384372675735,4.779263047496753,0.02406613900398452,2,0.5,"Under-resolved Kolmogorov scale: max(dx,dy,dz)/eta=2.04. Treat this as DNS-style/no-SGS, not resolved DNS, unless the box/grid is changed. | Fixed numerical population uses super-droplet weight=25.4542; it is not literal 1:1 physical sampling. | kappa_hygro is sampled but inactive in the requested clamp-only dr^2/dt=2GS law. A kappa-Kohler equilibrium term is required for it to affect trajectories/survival."
case_036,0.0007612472089605348,-0.16433922444638893,495.7872602753605,0.39890707476923615,0.14771140141077332,0.416567472125489,495787260.2753605,0.6010929252307639,298014214.57106256,12500000,23.841137165685005,0.0014510654978302918,0.14037273859956487,0.00390625,2.6919873746848966,0.0012308641975308644,0.008768541597254839,3.0603242330089353,3.042411217920205,1.005887769208587,0.00882016874647537,7,0.14285714285714285,"Under-resolved Kolmogorov scale: max(dx,dy,dz)/eta=2.69. Treat this as DNS-style/no-SGS, not resolved DNS, unless the box/grid is changed. | Fixed numerical population uses super-droplet weight=23.8411; it is not literal 1:1 physical sampling. | kappa_hygro is sampled but inactive in the requested clamp-only dr^2/dt=2GS law. A kappa-Kohler equilibrium term is required for it to affect trajectories/survival."
case_037,0.00014687953074823813,-0.16800199322778475,53.36510966469617,0.3624387360711505,0.3701908637835238,0.5121282739174301,53365109.66469617,0.6375612639288495,34023526.76752535,12500000,2.721882141402028,0.0021894151816166754,0.3195692558329053,0.00390625,1.784152239739018,0.0012308641975308644,0.0038516352091593326,9.771548052647649,2.976080761863904,3.2833611835613556,0.012646309538991976,3,0.3333333333333333,"Under-resolved Kolmogorov scale: max(dx,dy,dz)/eta=1.78. Treat this as DNS-style/no-SGS, not resolved DNS, unless the box/grid is changed. | Fixed numerical population uses super-droplet weight=2.72188; it is not literal 1:1 physical sampling. | kappa_hygro is sampled but inactive in the requested clamp-only dr^2/dt=2GS law. A kappa-Kohler equilibrium term is required for it to affect trajectories/survival. | Nearest simple periodic Fourier wavelength is 0.333333 m, 10.0% from sampled L0."
case_038,0.0002085496002742052,-0.15618279749306913,298.17892530878123,0.11167120008334569,0.06598978172316156,0.4847161031010543,298178925.3087812,0.8883287999166543,264880926.8799873,12500000,21.190474150398984,0.002005700597355972,0.2681889924156068,0.00390625,1.9475738328788652,0.0012308641975308644,0.0045895403328986015,2.753687631916416,3.2012968651185023,0.8601787800190417,0.003947825204400905,15,0.06666666666666667,"Under-resolved Kolmogorov scale: max(dx,dy,dz)/eta=1.95. Treat this as DNS-style/no-SGS, not resolved DNS, unless the box/grid is changed. | Fixed numerical population uses super-droplet weight=21.1905; it is not literal 1:1 physical sampling. | kappa_hygro is sampled but inactive in the requested clamp-only dr^2/dt=2GS law. A kappa-Kohler equilibrium term is required for it to affect trajectories/survival."
case_039,0.008277340303754628,-0.37338605149565174,317.8827407543742,0.11601848021232042,0.4172269820520299,0.22992775639800203,317882740.7543742,0.8839815197876796,281002468.2863247,12500000,22.480197462905974,0.0007990900842872299,0.04256966418707815,0.00390625,4.8883725086944185,0.0012308641975308644,0.02891411574499778,2.7602684458180216,1.3390631438888194,2.0613430056792024,0.059601910256350074,2,0.5,"Under-resolved Kolmogorov scale: max(dx,dy,dz)/eta=4.89. Treat this as DNS-style/no-SGS, not resolved DNS, unless the box/grid is changed. | Fixed numerical population uses super-droplet weight=22.4802; it is not literal 1:1 physical sampling. | kappa_hygro is sampled but inactive in the requested clamp-only dr^2/dt=2GS law. A kappa-Kohler equilibrium term is required for it to affect trajectories/survival. | Nearest simple periodic Fourier wavelength is 0.5 m, 19.8% from sampled L0."
case_040,0.0035336952512719697,-0.452070574484197,406.7744098224366,0.37242104017425415,0.06132953291593164,0.27037455861434595,406774409.82243663,0.6275789598257459,255283061.00009644,12500000,20.422644880007716,0.0009885785228864264,0.06515249972748724,0.00390625,3.9513806031256182,0.0012308641975308644,0.01889204869620028,1.021025856828539,1.1059943473880716,0.9231745706836613,0.017440658944449516,16,0.0625,"Under-resolved Kolmogorov scale: max(dx,dy,dz)/eta=3.95. Treat this as DNS-style/no-SGS, not resolved DNS, unless the box/grid is changed. | Fixed numerical population uses super-droplet weight=20.4226; it is not literal 1:1 physical sampling. | kappa_hygro is sampled but inactive in the requested clamp-only dr^2/dt=2GS law. A kappa-Kohler equilibrium term is required for it to affect trajectories/survival."
case_041,0.00032905707063457057,-0.26707744361776065,209.7221617669736,0.1909138662072137,0.20880934811010693,0.526815867344941,209722161.7669736,0.8090861337927863,169683293.03470597,12500000,13.574663442776478,0.0017895780219837167,0.21350596645114345,0.00390625,2.182777141881743,0.0012308641975308644,0.0057650107769354675,5.098114078779344,1.8720693639541446,2.7232506321300067,0.015699569242525812,5,0.2,"Under-resolved Kolmogorov scale: max(dx,dy,dz)/eta=2.18. Treat this as DNS-style/no-SGS, not resolved DNS, unless the box/grid is changed. | Fixed numerical population uses super-droplet weight=13.5747; it is not literal 1:1 physical sampling. | kappa_hygro is sampled but inactive in the requested clamp-only dr^2/dt=2GS law. A kappa-Kohler equilibrium term is required for it to affect trajectories/survival."
case_042,0.001357797617903642,-0.4399586277312614,196.76060983123082,0.4353420284727946,0.20749605962227802,0.0938334246653295,196760609.83123082,0.5646579715272054,111102446.8237587,12500000,8.888195745900697,0.0012556242182078698,0.10510614515667495,0.00390625,3.1110024347693144,0.0012308641975308644,0.011710677769564231,3.1651543135071987,1.1364420845166512,2.7851435252447505,0.032615918366129454,5,0.2,"Under-resolved Kolmogorov scale: max(dx,dy,dz)/eta=3.11. Treat this as DNS-style/no-SGS, not resolved DNS, unless the box/grid is changed. | Fixed numerical population uses super-droplet weight=8.8882; it is not literal 1:1 physical sampling. | kappa_hygro is sampled but inactive in the requested clamp-only dr^2/dt=2GS law. A kappa-Kohler equilibrium term is required for it to affect trajectories/survival."
case_043,0.00036921017248269466,-0.37892275378882767,155.35226718803276,0.4493077277529708,0.4761665870793354,0.47341923199465513,155352267.18803275,0.5506922722470292,85551293.01650535,12500000,6.844103441320428,0.0017388015943749055,0.20156206564004753,0.00390625,2.2465185289896668,0.0012308641975308644,0.006106626232581678,8.49991779467033,1.319497166640569,6.441785560109283,0.039337576686029205,2,0.5,"Under-resolved Kolmogorov scale: max(dx,dy,dz)/eta=2.25. Treat this as DNS-style/no-SGS, not resolved DNS, unless the box/grid is changed. | Fixed numerical population uses super-droplet weight=6.8441; it is not literal 1:1 physical sampling. | kappa_hygro is sampled but inactive in the requested clamp-only dr^2/dt=2GS law. A kappa-Kohler equilibrium term is required for it to affect trajectories/survival. | Nearest simple periodic Fourier wavelength is 0.5 m, 5.0% from sampled L0."
case_044,0.0002938864503007378,-0.3375857083018936,106.87452900160399,0.1564000186800254,0.33911907837033234,0.579612112736021,106874529.00160399,0.8435999813199746,90159350.6693342,12500000,7.212748053546736,0.001840871836358502,0.22592060785986157,0.00390625,2.121956522365566,0.0012308641975308644,0.005448215677138974,7.314336915497432,1.4810683263666926,4.938554680620792,0.026906311033366256,3,0.3333333333333333,"Under-resolved Kolmogorov scale: max(dx,dy,dz)/eta=2.12. Treat this as DNS-style/no-SGS, not resolved DNS, unless the box/grid is changed. | Fixed numerical population uses super-droplet weight=7.21275; it is not literal 1:1 physical sampling. | kappa_hygro is sampled but inactive in the requested clamp-only dr^2/dt=2GS law. A kappa-Kohler equilibrium term is required for it to affect trajectories/survival."
case_045,0.00038727084275823836,-0.2121437671291605,163.1902188100173,0.31135472530570585,0.35924429643395145,0.2571921519424775,163190218.81001732,0.6886452746942942,112380173.05984634,12500000,8.990413844787707,0.0017181645101222442,0.19680595225624078,0.00390625,2.2735017380390876,0.0012308641975308644,0.006254202087995198,6.933007249194367,2.3568333247122473,2.94166209230805,0.018397749199889332,3,0.3333333333333333,"Under-resolved Kolmogorov scale: max(dx,dy,dz)/eta=2.27. Treat this as DNS-style/no-SGS, not resolved DNS, unless the box/grid is changed. | Fixed numerical population uses super-droplet weight=8.99041; it is not literal 1:1 physical sampling. | kappa_hygro is sampled but inactive in the requested clamp-only dr^2/dt=2GS law. A kappa-Kohler equilibrium term is required for it to affect trajectories/survival. | Nearest simple periodic Fourier wavelength is 0.333333 m, 7.2% from sampled L0."
case_046,0.0033344898829541334,-0.3381611122096084,215.02709408691987,0.47579825776272744,0.38620931384922796,0.3956069124614944,215027094.08691987,0.5242017422372726,112717577.34858133,12500000,9.017406187886506,0.001003023465301891,0.06707040479641425,0.00390625,3.8944751893957865,0.0012308641975308644,0.01835182300251555,3.5498120611402055,1.4785481888588181,2.400876811380793,0.04406046629330423,3,0.3333333333333333,"Under-resolved Kolmogorov scale: max(dx,dy,dz)/eta=3.89. Treat this as DNS-style/no-SGS, not resolved DNS, unless the box/grid is changed. | Fixed numerical population uses super-droplet weight=9.01741; it is not literal 1:1 physical sampling. | kappa_hygro is sampled but inactive in the requested clamp-only dr^2/dt=2GS law. A kappa-Kohler equilibrium term is required for it to affect trajectories/survival. | Nearest simple periodic Fourier wavelength is 0.333333 m, 13.7% from sampled L0."
case_047,0.009343138078230877,-0.10010077978383825,138.917791139372,0.2972201604661224,0.28376254558257613,0.14893567842649308,138917791.13937202,0.7027798395338776,97628622.96532859,12500000,7.8102898372262874,0.0007752562078081482,0.040068145849671374,0.00390625,5.038656847449166,0.0012308641975308644,0.03071927016909767,2.050245143902336,4.994841209825675,0.4104725371187309,0.012609416764745265,4,0.25,"Under-resolved Kolmogorov scale: max(dx,dy,dz)/eta=5.04. Treat this as DNS-style/no-SGS, not resolved DNS, unless the box/grid is changed. | Fixed numerical population uses super-droplet weight=7.81029; it is not literal 1:1 physical sampling. | kappa_hygro is sampled but inactive in the requested clamp-only dr^2/dt=2GS law. A kappa-Kohler equilibrium term is required for it to affect trajectories/survival. | Nearest simple periodic Fourier wavelength is 0.25 m, 11.9% from sampled L0."
case_048,0.0018503075993482685,-0.34962035235648964,280.2908704674452,0.3832078481277368,0.24217972014538558,0.3519760459864072,280290870.4674452,0.6167921518722632,172881209.1457653,12500000,13.830496731661224,0.001162137355186588,0.09003754882133853,0.00390625,3.361263608442247,0.0012308641975308644,0.013670565376821483,3.1647825198179875,1.4300869403912417,2.213000084422958,0.03025296233301551,4,0.25,"Under-resolved Kolmogorov scale: max(dx,dy,dz)/eta=3.36. Treat this as DNS-style/no-SGS, not resolved DNS, unless the box/grid is changed. | Fixed numerical population uses super-droplet weight=13.8305; it is not literal 1:1 physical sampling. | kappa_hygro is sampled but inactive in the requested clamp-only dr^2/dt=2GS law. A kappa-Kohler equilibrium term is required for it to affect trajectories/survival."
case_049,0.001384661894315845,-0.3212382524179153,454.99241384893594,0.21442474995266458,0.1328094427716868,0.5090686137766626,454992413.84893596,0.7855752500473354,357430779.2790186,12500000,28.594462342321485,0.0012494892071602784,0.10408155192066808,0.00390625,3.1262775041312745,0.0012308641975308644,0.01182595930611258,2.3354543860861043,1.5564382393337786,1.5005120839782102,0.017744994843456496,8,0.125,"Under-resolved Kolmogorov scale: max(dx,dy,dz)/eta=3.13. Treat this as DNS-style/no-SGS, not resolved DNS, unless the box/grid is changed. | Fixed numerical population uses super-droplet weight=28.5945; it is not literal 1:1 physical sampling. | kappa_hygro is sampled but inactive in the requested clamp-only dr^2/dt=2GS law. A kappa-Kohler equilibrium term is required for it to affect trajectories/survival. | Nearest simple periodic Fourier wavelength is 0.125 m, 5.9% from sampled L0."
case_050,0.0050189504743553045,-0.38610555451586664,457.18548916852865,0.2891361950280251,0.3300128258372825,0.10438950437721183,457185489.1685287,0.7108638049719749,324996616.40831393,12500000,25.999729312665114,0.000905555800432778,0.0546687538464966,0.00390625,4.313649140266285,0.0012308641975308644,0.022514948867994787,2.7892208899675444,1.2949502905414783,2.1539212048064353,0.04849542579190662,3,0.3333333333333333,"Under-resolved Kolmogorov scale: max(dx,dy,dz)/eta=4.31. Treat this as DNS-style/no-SGS, not resolved DNS, unless the box/grid is changed. | Fixed numerical population uses super-droplet weight=25.9997; it is not literal 1:1 physical sampling. | kappa_hygro is sampled but inactive in the requested clamp-only dr^2/dt=2GS law. A kappa-Kohler equilibrium term is required for it to affect trajectories/survival."
case_051,0.0007301072911480138,-0.4665377147320175,134.0465530248216,0.28745473467507443,0.46658545807214924,0.2901675239391948,134046553.02482161,0.7125452653249256,95514236.69096322,12500000,7.641138935277058,0.0014662964155551781,0.14333501188466422,0.00390625,2.6640247896404983,0.0012308641975308644,0.008587324069301995,6.680750265330534,1.071697923258351,6.233799767959451,0.05353165879060739,2,0.5,"Under-resolved Kolmogorov scale: max(dx,dy,dz)/eta=2.66. Treat this as DNS-style/no-SGS, not resolved DNS, unless the box/grid is changed. | Fixed numerical population uses super-droplet weight=7.64114; it is not literal 1:1 physical sampling. | kappa_hygro is sampled but inactive in the requested clamp-only dr^2/dt=2GS law. A kappa-Kohler equilibrium term is required for it to affect trajectories/survival. | Nearest simple periodic Fourier wavelength is 0.5 m, 7.2% from sampled L0."
case_052,0.002246785868666888,-0.17669369351132047,258.6456069304745,0.23390365448753053,0.05807266075086563,0.1815595185312165,258645606.93047452,0.7660963455124694,198147454.25229117,12500000,15.851796340183293,0.0011070774975002534,0.08170803903142825,0.00390625,3.5284341058509376,0.0012308641975308644,0.015064174983534042,1.1449695105748208,2.829685033257663,0.40462789926010934,0.006095385477674071,17,0.058823529411764705,"Under-resolved Kolmogorov scale: max(dx,dy,dz)/eta=3.53. Treat this as DNS-style/no-SGS, not resolved DNS, unless the box/grid is changed. | Fixed numerical population uses super-droplet weight=15.8518; it is not literal 1:1 physical sampling. | kappa_hygro is sampled but inactive in the requested clamp-only dr^2/dt=2GS law. A kappa-Kohler equilibrium term is required for it to affect trajectories/survival."
case_053,0.00021614574519761645,-0.22881953073389583,71.92618004191655,0.34281876333886063,0.14220393138770882,0.3044948929646282,71926180.04191655,0.6571812366611394,47268535.94825848,12500000,3.7814828758606787,0.0019878415845495543,0.26343427768429883,0.00390625,1.9650710752613407,0.0012308641975308644,0.004672376762624411,4.539682763697407,2.1850735310765814,2.0775880990424676,0.00970727435627105,7,0.14285714285714285,"Under-resolved Kolmogorov scale: max(dx,dy,dz)/eta=1.97. Treat this as DNS-style/no-SGS, not resolved DNS, unless the box/grid is changed. | Fixed numerical population uses super-droplet weight=3.78148; it is not literal 1:1 physical sampling. | kappa_hygro is sampled but inactive in the requested clamp-only dr^2/dt=2GS law. A kappa-Kohler equilibrium term is required for it to affect trajectories/survival."
case_054,0.001262847554789521,-0.11627454305667584,341.4223149955327,0.4051968057819697,0.4009078623745494,0.5722521508385459,341422314.9955327,0.5948031942180303,203079083.53665736,12500000,16.24632668293259,0.0012785882598586725,0.10898586254989523,0.00390625,3.0551273796552563,0.0012308641975308644,0.011293796908450927,5.0301322840506275,4.300059900096022,1.1697819102329954,0.013211279321351223,2,0.5,"Under-resolved Kolmogorov scale: max(dx,dy,dz)/eta=3.06. Treat this as DNS-style/no-SGS, not resolved DNS, unless the box/grid is changed. | Fixed numerical population uses super-droplet weight=16.2463; it is not literal 1:1 physical sampling. | kappa_hygro is sampled but inactive in the requested clamp-only dr^2/dt=2GS law. A kappa-Kohler equilibrium term is required for it to affect trajectories/survival. | Nearest simple periodic Fourier wavelength is 0.5 m, 24.7% from sampled L0."
case_055,0.0026262784730215604,-0.2342760991035106,130.6240938569102,0.47090275362232314,0.19701078656712923,0.2596899298622857,130624093.85691021,0.5290972463776769,69112848.37027042,12500000,5.5290278696216335,0.0010647147015189875,0.07557449304204443,0.00390625,3.6688232015835824,0.0012308641975308644,0.016286767505619873,2.454029309200554,2.134180575454647,1.1498695740297278,0.018727658414008336,5,0.2,"Under-resolved Kolmogorov scale: max(dx,dy,dz)/eta=3.67. Treat this as DNS-style/no-SGS, not resolved DNS, unless the box/grid is changed. | Fixed numerical population uses super-droplet weight=5.52903; it is not literal 1:1 physical sampling. | kappa_hygro is sampled but inactive in the requested clamp-only dr^2/dt=2GS law. A kappa-Kohler equilibrium term is required for it to affect trajectories/survival."
case_056,0.0014563022433996384,-0.40728655322650154,198.72893410244174,0.11259308260243578,0.15969478402956844,0.3159382168628264,198728934.10244173,0.8874069173975643,176353430.8095515,12500000,14.10827446476412,0.0012338306788698108,0.10148920960802253,0.00390625,3.1659530492288663,0.0012308641975308644,0.012128030184536651,2.5968287744041936,1.2276062051131489,2.1153597656871104,0.02565514708940765,6,0.16666666666666666,"Under-resolved Kolmogorov scale: max(dx,dy,dz)/eta=3.17. Treat this as DNS-style/no-SGS, not resolved DNS, unless the box/grid is changed. | Fixed numerical population uses super-droplet weight=14.1083; it is not literal 1:1 physical sampling. | kappa_hygro is sampled but inactive in the requested clamp-only dr^2/dt=2GS law. A kappa-Kohler equilibrium term is required for it to affect trajectories/survival."
case_057,0.0002692905766882273,-0.08364010178429732,425.1659444699566,0.2655171024006149,0.21641403502531226,0.05273523968349265,425165944.46995664,0.7344828975993851,312277114.854873,12500000,24.98216918838984,0.0018815386989819213,0.23601252505110537,0.00390625,2.076093360244797,0.0012308641975308644,0.005215249475697687,5.581915137113123,5.977844231818813,0.9337672446200183,0.004869829132928224,5,0.2,"Under-resolved Kolmogorov scale: max(dx,dy,dz)/eta=2.08. Treat this as DNS-style/no-SGS, not resolved DNS, unless the box/grid is changed. | Fixed numerical population uses super-droplet weight=24.9822; it is not literal 1:1 physical sampling. | kappa_hygro is sampled but inactive in the requested clamp-only dr^2/dt=2GS law. A kappa-Kohler equilibrium term is required for it to affect trajectories/survival. | Nearest simple periodic Fourier wavelength is 0.2 m, 7.6% from sampled L0."
case_058,0.002386484882094337,-0.24944950560040663,491.23281803394167,0.27790839549746127,0.3743604891272087,0.2640912393325763,491232818.0339417,0.7220916045025387,354715093.75843257,12500000,28.377207500674604,0.0010905077902880033,0.0792804827119216,0.00390625,3.58204685449185,0.0012308641975308644,0.015525437729780324,3.8869334790198176,2.0043635636661894,1.939235750180078,0.030107483882784634,3,0.3333333333333333,"Under-resolved Kolmogorov scale: max(dx,dy,dz)/eta=3.58. Treat this as DNS-style/no-SGS, not resolved DNS, unless the box/grid is changed. | Fixed numerical population uses super-droplet weight=28.3772; it is not literal 1:1 physical sampling. | kappa_hygro is sampled but inactive in the requested clamp-only dr^2/dt=2GS law. A kappa-Kohler equilibrium term is required for it to affect trajectories/survival. | Nearest simple periodic Fourier wavelength is 0.333333 m, 11.0% from sampled L0."
case_059,0.001760791676898706,-0.15243687886649165,86.9917410835551,0.4794684110359514,0.3043002074225575,0.3733001496940047,86991741.0835551,0.5205315889640486,45281949.212972045,12500000,3.6225559370377636,0.001176634153134083,0.09229786202143737,0.00390625,3.3198509405793732,0.0012308641975308644,0.013335782330959955,3.7465555251657,3.2799641643010986,1.1422550178879847,0.015232864285000933,3,0.3333333333333333,"Under-resolved Kolmogorov scale: max(dx,dy,dz)/eta=3.32. Treat this as DNS-style/no-SGS, not resolved DNS, unless the box/grid is changed. | Fixed numerical population uses super-droplet weight=3.62256; it is not literal 1:1 physical sampling. | kappa_hygro is sampled but inactive in the requested clamp-only dr^2/dt=2GS law. A kappa-Kohler equilibrium term is required for it to affect trajectories/survival. | Nearest simple periodic Fourier wavelength is 0.333333 m, 9.5% from sampled L0."
case_060,0.0010635330902949236,-0.23715421575384948,205.52569868869352,0.13917209064014324,0.344768310916792,0.4605250509209065,205525698.68869352,0.8608279093598568,176922257.5219119,12500000,14.15378060175295,0.00133469087890351,0.11875998281521492,0.00390625,2.9267076457502323,0.0012308641975308644,0.010364300906358604,4.81690290008721,2.1082800422108217,2.2847547781347037,0.023679886017828663,3,0.3333333333333333,"Under-resolved Kolmogorov scale: max(dx,dy,dz)/eta=2.93. Treat this as DNS-style/no-SGS, not resolved DNS, unless the box/grid is changed. | Fixed numerical population uses super-droplet weight=14.1538; it is not literal 1:1 physical sampling. | kappa_hygro is sampled but inactive in the requested clamp-only dr^2/dt=2GS law. A kappa-Kohler equilibrium term is required for it to affect trajectories/survival."
case_061,0.006096608382470297,-0.4016251735858393,250.78225834484067,0.25172282211854463,0.27921209915735923,0.5334982241191919,250782258.34484068,0.7482771778814554,187654640.53701547,12500000,15.012371242961237,0.0008625740123494721,0.04960226178537782,0.00390625,4.528596901917075,0.0012308641975308644,0.024814678872037022,2.3384426473289466,1.2449107597911508,1.8784018283537443,0.04661193816324537,4,0.25,"Under-resolved Kolmogorov scale: max(dx,dy,dz)/eta=4.53. Treat this as DNS-style/no-SGS, not resolved DNS, unless the box/grid is changed. | Fixed numerical population uses super-droplet weight=15.0124; it is not literal 1:1 physical sampling. | kappa_hygro is sampled but inactive in the requested clamp-only dr^2/dt=2GS law. A kappa-Kohler equilibrium term is required for it to affect trajectories/survival. | Nearest simple periodic Fourier wavelength is 0.25 m, 10.5% from sampled L0."
case_062,0.0005840150995779081,-0.4924623733012454,77.17678863891717,0.41902563821421446,0.2558447613157229,0.4263462042639948,77176788.63891718,0.5809743617857855,44837735.524171375,12500000,3.58701884193371,0.0015504666363656608,0.16026311936553642,0.00390625,2.5194028096962886,0.0012308641975308644,0.007680271059266266,4.821435122375355,1.0152806125030622,4.748869487903092,0.036472604892174736,4,0.25,"Under-resolved Kolmogorov scale: max(dx,dy,dz)/eta=2.52. Treat this as DNS-style/no-SGS, not resolved DNS, unless the box/grid is changed. | Fixed numerical population uses super-droplet weight=3.58702; it is not literal 1:1 physical sampling. | kappa_hygro is sampled but inactive in the requested clamp-only dr^2/dt=2GS law. A kappa-Kohler equilibrium term is required for it to affect trajectories/survival."
case_063,0.00047612581707654785,-0.28891318507029035,261.5088566154549,0.4986619234906332,0.4288576493414935,0.10603493278678403,261508856.61545488,0.5013380765093668,131104347.16575596,12500000,10.488347773260477,0.0016316913511779277,0.17749444436725678,0.00390625,2.3939882975907514,0.0012308641975308644,0.006934663233650639,7.282852767613503,1.7305804159763667,4.208329587218072,0.029183348463565337,2,0.5,"Under-resolved Kolmogorov scale: max(dx,dy,dz)/eta=2.39. Treat this as DNS-style/no-SGS, not resolved DNS, unless the box/grid is changed. | Fixed numerical population uses super-droplet weight=10.4883; it is not literal 1:1 physical sampling. | kappa_hygro is sampled but inactive in the requested clamp-only dr^2/dt=2GS law. A kappa-Kohler equilibrium term is required for it to affect trajectories/survival. | Nearest simple periodic Fourier wavelength is 0.5 m, 16.6% from sampled L0."
case_064,0.0009397125626991984,-0.3042183431319443,110.2363734671734,0.45747386027216674,0.08189906773763564,0.504906937248633,110236373.4671734,0.5425261397278333,59806114.154741324,12500000,4.784489132379306,0.0013766377865498218,0.12634210635711954,0.00390625,2.8375292601766957,0.0012308641975308644,0.00974231183111428,1.9253999720776316,1.6435152951416465,1.171513266575162,0.011413247557262538,12,0.08333333333333333,"Under-resolved Kolmogorov scale: max(dx,dy,dz)/eta=2.84. Treat this as DNS-style/no-SGS, not resolved DNS, unless the box/grid is changed. | Fixed numerical population uses super-droplet weight=4.78449; it is not literal 1:1 physical sampling. | kappa_hygro is sampled but inactive in the requested clamp-only dr^2/dt=2GS law. A kappa-Kohler equilibrium term is required for it to affect trajectories/survival."
case_065,0.008645188550501934,-0.10607527283896584,443.41880293756896,0.3516400910823049,0.4499103321668146,0.3302023864443676,443418802.93756896,0.6483599089176951,287494974.6849956,12500000,22.99959797479965,0.0007904507700634472,0.04165416132625978,0.00390625,4.941800486431883,0.0012308641975308644,0.02954960941093053,2.8608328763989195,4.713516040246601,0.606942429382132,0.017934911723163287,2,0.5,"Under-resolved Kolmogorov scale: max(dx,dy,dz)/eta=4.94. Treat this as DNS-style/no-SGS, not resolved DNS, unless the box/grid is changed. | Fixed numerical population uses super-droplet weight=22.9996; it is not literal 1:1 physical sampling. | kappa_hygro is sampled but inactive in the requested clamp-only dr^2/dt=2GS law. A kappa-Kohler equilibrium term is required for it to affect trajectories/survival. | Nearest simple periodic Fourier wavelength is 0.5 m, 11.1% from sampled L0."
case_066,0.0016444163318916642,-0.0741568407989393,461.9149088409661,0.49312045943500404,0.09268180671665742,0.19883602577077797,461914908.8409661,0.506879540564996,234135216.77343088,12500000,18.73081734187447,0.001196921033583593,0.09550799737565445,0.00390625,3.263582049606606,0.0012308641975308644,0.012887551109354732,1.735104889720056,6.742297738324791,0.25734622780855787,0.0033165626636824357,11,0.09090909090909091,"Under-resolved Kolmogorov scale: max(dx,dy,dz)/eta=3.26. Treat this as DNS-style/no-SGS, not resolved DNS, unless the box/grid is changed. | Fixed numerical population uses super-droplet weight=18.7308; it is not literal 1:1 physical sampling. | kappa_hygro is sampled but inactive in the requested clamp-only dr^2/dt=2GS law. A kappa-Kohler equilibrium term is required for it to affect trajectories/survival."
case_067,0.007660549701617621,-0.4841215752636347,269.77197148835387,0.20043605828660188,0.379251850250095,0.39204309867803017,269771971.48835385,0.7995639417133982,215699940.88702267,12500000,17.255995270961815,0.0008147107759443505,0.04425024322932304,0.00390625,4.794646290853553,0.0012308641975308644,0.027815987160839266,2.657858323696402,1.032772604128881,2.5735174549273045,0.07158492848445365,3,0.3333333333333333,"Under-resolved Kolmogorov scale: max(dx,dy,dz)/eta=4.79. Treat this as DNS-style/no-SGS, not resolved DNS, unless the box/grid is changed. | Fixed numerical population uses super-droplet weight=17.256; it is not literal 1:1 physical sampling. | kappa_hygro is sampled but inactive in the requested clamp-only dr^2/dt=2GS law. A kappa-Kohler equilibrium term is required for it to affect trajectories/survival. | Nearest simple periodic Fourier wavelength is 0.333333 m, 12.1% from sampled L0."
case_068,0.0029191788007540344,-0.3273618518699686,184.67844760838986,0.21706963608326937,0.28474916011246765,0.296195710107326,184678447.60838985,0.7829303639167307,144590364.19361356,12500000,11.567229135489084,0.0010369391462770716,0.07168285287212148,0.00390625,3.7670966652427302,0.0012308641975308644,0.01717097113484954,3.0284569351537844,1.527323654677394,1.9828521125035965,0.03404749638847469,4,0.25,"Under-resolved Kolmogorov scale: max(dx,dy,dz)/eta=3.77. Treat this as DNS-style/no-SGS, not resolved DNS, unless the box/grid is changed. | Fixed numerical population uses super-droplet weight=11.5672; it is not literal 1:1 physical sampling. | kappa_hygro is sampled but inactive in the requested clamp-only dr^2/dt=2GS law. A kappa-Kohler equilibrium term is required for it to affect trajectories/survival. | Nearest simple periodic Fourier wavelength is 0.25 m, 12.2% from sampled L0."
case_069,0.005818246176818638,-0.28702396439764555,185.7072084947597,0.4883859882671939,0.33764693395819767,0.20972827498380245,185707208.4947597,0.5116140117328061,95010409.94570465,12500000,7.600832795656372,0.0008727109418579582,0.05077495920257363,0.00390625,4.475995215189794,0.0012308641975308644,0.02424155955734329,2.695945919340568,1.741971270758817,1.547640862163124,0.037517228133505484,3,0.3333333333333333,"Under-resolved Kolmogorov scale: max(dx,dy,dz)/eta=4.48. Treat this as DNS-style/no-SGS, not resolved DNS, unless the box/grid is changed. | Fixed numerical population uses super-droplet weight=7.60083; it is not literal 1:1 physical sampling. | kappa_hygro is sampled but inactive in the requested clamp-only dr^2/dt=2GS law. A kappa-Kohler equilibrium term is required for it to affect trajectories/survival."
case_070,0.00013647715555684638,-0.43603124780147007,82.65948807990318,0.22564424019666143,0.40127898496615855,0.3531544031127679,82659488.07990319,0.7743557598033386,64007850.69706844,12500000,5.120628055765475,0.002229992763303501,0.3315245149590655,0.00390625,1.7516872988472392,0.0012308641975308644,0.0037127396074551036,10.566819526284101,1.1466781395163907,9.21515738561183,0.034213479814493464,2,0.5,"Under-resolved Kolmogorov scale: max(dx,dy,dz)/eta=1.75. Treat this as DNS-style/no-SGS, not resolved DNS, unless the box/grid is changed. | Fixed numerical population uses super-droplet weight=5.12063; it is not literal 1:1 physical sampling. | kappa_hygro is sampled but inactive in the requested clamp-only dr^2/dt=2GS law. A kappa-Kohler equilibrium term is required for it to affect trajectories/survival. | Nearest simple periodic Fourier wavelength is 0.5 m, 24.6% from sampled L0."
case_071,0.006397002398224225,-0.21184907559325644,304.02543163367704,0.4286855945553444,0.08632649993046057,0.45198433532101817,304025431.63367707,0.5713144054446556,173694108.713849,12500000,13.89552869710792,0.0008522643372698221,0.048423633372131285,0.00390625,4.583378453348685,0.0012308641975308644,0.0254186667091208,1.0522136161650735,2.360111785240736,0.4458321096251573,0.011332457802786081,12,0.08333333333333333,"Under-resolved Kolmogorov scale: max(dx,dy,dz)/eta=4.58. Treat this as DNS-style/no-SGS, not resolved DNS, unless the box/grid is changed. | Fixed numerical population uses super-droplet weight=13.8955; it is not literal 1:1 physical sampling. | kappa_hygro is sampled but inactive in the requested clamp-only dr^2/dt=2GS law. A kappa-Kohler equilibrium term is required for it to affect trajectories/survival."
case_072,0.004269546222462043,-0.48026382105145476,171.42810593013462,0.35884886593213894,0.12593045246697415,0.5668401558418498,171428105.93013462,0.6411511340678611,109911324.52821124,12500000,8.7929059622569,0.0009429160199739287,0.05927270804823163,0.00390625,4.14273372946618,0.0012308641975308644,0.02076612049730005,1.5486737458966222,1.04106842548615,1.4875811310610392,0.03089128901712344,8,0.125,"Under-resolved Kolmogorov scale: max(dx,dy,dz)/eta=4.14. Treat this as DNS-style/no-SGS, not resolved DNS, unless the box/grid is changed. | Fixed numerical population uses super-droplet weight=8.79291; it is not literal 1:1 physical sampling. | kappa_hygro is sampled but inactive in the requested clamp-only dr^2/dt=2GS law. A kappa-Kohler equilibrium term is required for it to affect trajectories/survival."
case_073,0.002736156850645843,-0.2253979456166174,358.16182061581526,0.3678143046603224,0.2358407392502283,0.14151180858836454,358161820.6158153,0.6321856953396776,226424779.61013407,12500000,18.113982368810724,0.0010538606696928136,0.07404148740835903,0.00390625,3.706609528504959,0.0012308641975308644,0.016623979887685294,2.7291802621746877,2.2182433767627856,1.230334006973366,0.02045304778706049,4,0.25,"Under-resolved Kolmogorov scale: max(dx,dy,dz)/eta=3.71. Treat this as DNS-style/no-SGS, not resolved DNS, unless the box/grid is changed. | Fixed numerical population uses super-droplet weight=18.114; it is not literal 1:1 physical sampling. | kappa_hygro is sampled but inactive in the requested clamp-only dr^2/dt=2GS law. A kappa-Kohler equilibrium term is required for it to affect trajectories/survival. | Nearest simple periodic Fourier wavelength is 0.25 m, 6.0% from sampled L0."
case_074,0.00014181048610356205,-0.1218995224985186,470.59649489796664,0.12051723791444155,0.1860901326053665,0.1341134975684379,470596494.8979666,0.8794827620855584,413881505.1606461,12500000,33.110520412851685,0.002208723530156856,0.32523064217790426,0.00390625,1.7685554333378208,0.0012308641975308644,0.003784588651574749,6.250471534280267,4.101636247230388,1.5238970882659013,0.005767323626418934,5,0.2,"Under-resolved Kolmogorov scale: max(dx,dy,dz)/eta=1.77. Treat this as DNS-style/no-SGS, not resolved DNS, unless the box/grid is changed. | Fixed numerical population uses super-droplet weight=33.1105; it is not literal 1:1 physical sampling. | kappa_hygro is sampled but inactive in the requested clamp-only dr^2/dt=2GS law. A kappa-Kohler equilibrium term is required for it to affect trajectories/survival. | Nearest simple periodic Fourier wavelength is 0.2 m, 7.5% from sampled L0."
case_075,0.00019056560843358348,-0.2057405259230362,272.8184923470085,0.4525271846203113,0.1154221227246818,0.010914458488838695,272818492.34700847,0.5474728153796887,149360708.0928588,12500000,11.948856647428704,0.0020514328838165683,0.2805584584535974,0.00390625,1.9041568607073585,0.0012308641975308644,0.004387193329743939,4.119500211496423,2.43018480562763,1.69513865857313,0.007436901015883125,9,0.1111111111111111,"Under-resolved Kolmogorov scale: max(dx,dy,dz)/eta=1.9. Treat this as DNS-style/no-SGS, not resolved DNS, unless the box/grid is changed. | Fixed numerical population uses super-droplet weight=11.9489; it is not literal 1:1 physical sampling. | kappa_hygro is sampled but inactive in the requested clamp-only dr^2/dt=2GS law. A kappa-Kohler equilibrium term is required for it to affect trajectories/survival."
case_076,0.000311183117831324,-0.12603743480747098,120.23837198012758,0.3911297385006025,0.052740043391431554,0.3243530911722546,120238371.98012759,0.6088702614993975,73209568.9898021,12500000,5.856765519184169,0.0018147401061717771,0.21955211019655685,0.00390625,2.152512079672001,0.0012308641975308644,0.005606250818673149,2.0753354882648813,3.966976166753617,0.5231530014366677,0.0029329269425956333,19,0.05263157894736842,"Under-resolved Kolmogorov scale: max(dx,dy,dz)/eta=2.15. Treat this as DNS-style/no-SGS, not resolved DNS, unless the box/grid is changed. | Fixed numerical population uses super-droplet weight=5.85677; it is not literal 1:1 physical sampling. | kappa_hygro is sampled but inactive in the requested clamp-only dr^2/dt=2GS law. A kappa-Kohler equilibrium term is required for it to affect trajectories/survival."
case_077,0.008713938084871847,-0.41366420584473595,72.67669008249806,0.4373169328044684,0.15748704464139518,0.16509606290227724,72676690.08249806,0.5626830671955316,40893942.88923908,12500000,3.2715154311391266,0.0007888870498052392,0.04148951849002759,0.00390625,4.951596050365356,0.0012308641975308644,0.0296668711117174,1.4171801658780732,1.2086796317776274,1.1725027282819354,0.034784487318077185,6,0.16666666666666666,"Under-resolved Kolmogorov scale: max(dx,dy,dz)/eta=4.95. Treat this as DNS-style/no-SGS, not resolved DNS, unless the box/grid is changed. | Fixed numerical population uses super-droplet weight=3.27152; it is not literal 1:1 physical sampling. | kappa_hygro is sampled but inactive in the requested clamp-only dr^2/dt=2GS law. A kappa-Kohler equilibrium term is required for it to affect trajectories/survival. | Nearest simple periodic Fourier wavelength is 0.166667 m, 5.8% from sampled L0."
case_078,0.00025445027438047584,-0.39729155945338707,465.92867180659596,0.3704945314210829,0.32117006745823207,0.5447655630795782,465928671.806596,0.6295054685789171,293304646.8699637,12500000,23.464371749597095,0.001908392554060551,0.2427974760262502,0.00390625,2.046879711246274,0.0012308641975308644,0.005069509855192188,7.400977219730822,1.2584901141315639,5.880838583176281,0.02981296915420662,3,0.3333333333333333,"Under-resolved Kolmogorov scale: max(dx,dy,dz)/eta=2.05. Treat this as DNS-style/no-SGS, not resolved DNS, unless the box/grid is changed. | Fixed numerical population uses super-droplet weight=23.4644; it is not literal 1:1 physical sampling. | kappa_hygro is sampled but inactive in the requested clamp-only dr^2/dt=2GS law. A kappa-Kohler equilibrium term is required for it to affect trajectories/survival."
case_079,0.0021266148953245616,-0.419322303974216,475.81755828931,0.46704134916167617,0.4849685841254707,0.4953698217378571,475817558.28931,0.5329586508383238,253591083.91105616,12500000,20.287286712884494,0.0011223963130901453,0.08398489890922343,0.00390625,3.4802769346644045,0.0012308641975308644,0.014655779949932021,4.800053969033405,1.1923703920856645,4.025640019991833,0.05899889429064025,2,0.5,"Under-resolved Kolmogorov scale: max(dx,dy,dz)/eta=3.48. Treat this as DNS-style/no-SGS, not resolved DNS, unless the box/grid is changed. | Fixed numerical population uses super-droplet weight=20.2873; it is not literal 1:1 physical sampling. | kappa_hygro is sampled but inactive in the requested clamp-only dr^2/dt=2GS law. A kappa-Kohler equilibrium term is required for it to affect trajectories/survival."
case_080,0.0008003426541852229,-0.30722146380115983,404.48503940568156,0.10127855199114857,0.3684519963206359,0.08628769718569415,404485039.40568155,0.8987214480088515,363519380.31259143,12500000,29.081550425007315,0.001433010766966516,0.13690132388279752,0.00390625,2.7259041523246794,0.0012308641975308644,0.008990886009142019,5.535565002032268,1.6274497680396527,3.4013738001266494,0.030581364111420914,3,0.3333333333333333,"Under-resolved Kolmogorov scale: max(dx,dy,dz)/eta=2.73. Treat this as DNS-style/no-SGS, not resolved DNS, unless the box/grid is changed. | Fixed numerical population uses super-droplet weight=29.0816; it is not literal 1:1 physical sampling. | kappa_hygro is sampled but inactive in the requested clamp-only dr^2/dt=2GS law. A kappa-Kohler equilibrium term is required for it to affect trajectories/survival. | Nearest simple periodic Fourier wavelength is 0.333333 m, 9.5% from sampled L0."
case_081,0.007246994015672979,-0.2760319652821879,428.66468630828814,0.32287026285318043,0.22944170436964817,0.23824697932702668,428664686.30828816,0.6771297371468196,290261606.36405504,12500000,23.220928509124402,0.0008260930503841955,0.045495315192871,0.00390625,4.728583539328045,0.0012308641975308644,0.02705474601753584,1.9366996429684311,1.8113391305563546,1.069208747438461,0.028927171101675187,4,0.25,"Under-resolved Kolmogorov scale: max(dx,dy,dz)/eta=4.73. Treat this as DNS-style/no-SGS, not resolved DNS, unless the box/grid is changed. | Fixed numerical population uses super-droplet weight=23.2209; it is not literal 1:1 physical sampling. | kappa_hygro is sampled but inactive in the requested clamp-only dr^2/dt=2GS law. A kappa-Kohler equilibrium term is required for it to affect trajectories/survival. | Nearest simple periodic Fourier wavelength is 0.25 m, 9.0% from sampled L0."
case_082,0.004553766574841006,-0.1426827167266031,352.96375364523794,0.4268168117294322,0.31647344035960673,0.5187871789811306,352963753.6452379,0.5731831882705678,202312889.65832472,12500000,16.185031172665976,0.0009278456864203671,0.05739317452059215,0.00390625,4.210021189051738,0.0012308641975308644,0.021446177316594355,2.8017836106548337,3.50419105740771,0.7995521833011882,0.017147337896947435,3,0.3333333333333333,"Under-resolved Kolmogorov scale: max(dx,dy,dz)/eta=4.21. Treat this as DNS-style/no-SGS, not resolved DNS, unless the box/grid is changed. | Fixed numerical population uses super-droplet weight=16.185; it is not literal 1:1 physical sampling. | kappa_hygro is sampled but inactive in the requested clamp-only dr^2/dt=2GS law. A kappa-Kohler equilibrium term is required for it to affect trajectories/survival. | Nearest simple periodic Fourier wavelength is 0.333333 m, 5.3% from sampled L0."
case_083,0.004756119007892422,-0.16231857379127196,480.59830351865133,0.16479143100193738,0.3557796010950167,0.40472551184912725,480598303.5186513,0.8352085689980626,401399821.34470934,12500000,32.11198570757675,0.0009178152427675014,0.0561589879904245,0.00390625,4.256030863272033,0.0012308641975308644,0.021917492490084317,2.9856332468038236,3.080285196707938,0.9692716927623215,0.021244005046969494,3,0.3333333333333333,"Under-resolved Kolmogorov scale: max(dx,dy,dz)/eta=4.26. Treat this as DNS-style/no-SGS, not resolved DNS, unless the box/grid is changed. | Fixed numerical population uses super-droplet weight=32.112; it is not literal 1:1 physical sampling. | kappa_hygro is sampled but inactive in the requested clamp-only dr^2/dt=2GS law. A kappa-Kohler equilibrium term is required for it to affect trajectories/survival. | Nearest simple periodic Fourier wavelength is 0.333333 m, 6.3% from sampled L0."
case_084,0.000867651012008689,-0.39438413937337546,174.23401669034655,0.1289959307095262,0.08145536270415661,0.24288381122967134,174234016.69034654,0.8710040692904738,151758537.54611617,12500000,12.140683003689293,0.00140437204153341,0.13148405540271452,0.00390625,2.7814922858581204,0.0012308641975308644,0.009361319087405125,1.9701445668491484,1.2677677677261932,1.5540263895356041,0.014547736902690922,12,0.08333333333333333,"Under-resolved Kolmogorov scale: max(dx,dy,dz)/eta=2.78. Treat this as DNS-style/no-SGS, not resolved DNS, unless the box/grid is changed. | Fixed numerical population uses super-droplet weight=12.1407; it is not literal 1:1 physical sampling. | kappa_hygro is sampled but inactive in the requested clamp-only dr^2/dt=2GS law. A kappa-Kohler equilibrium term is required for it to affect trajectories/survival."
case_085,0.0019104331219298386,-0.4899930083132662,349.5123384386701,0.17554273210081242,0.4598328764670788,0.17001284347705584,349512338.4386701,0.8244572678991876,288157987.64620215,12500000,23.052639011696172,0.0011528836616602513,0.08860938248820992,0.00390625,3.3882430030924935,0.0012308641975308644,0.01389090142564349,4.801269301235011,1.02039721285236,4.7052944096287925,0.06536078082278493,2,0.5,"Under-resolved Kolmogorov scale: max(dx,dy,dz)/eta=3.39. Treat this as DNS-style/no-SGS, not resolved DNS, unless the box/grid is changed. | Fixed numerical population uses super-droplet weight=23.0526; it is not literal 1:1 physical sampling. | kappa_hygro is sampled but inactive in the requested clamp-only dr^2/dt=2GS law. A kappa-Kohler equilibrium term is required for it to affect trajectories/survival. | Nearest simple periodic Fourier wavelength is 0.5 m, 8.7% from sampled L0."
case_086,0.00018698364122127356,-0.4462531991239743,330.60731301677686,0.13515061404018816,0.3102789921777182,0.3372350883096432,330607313.01677686,0.8648493859598119,285925531.6563828,12500000,22.874042532510625,0.002061187694925775,0.2832329809142286,0.00390625,1.8951452163315323,0.0012308641975308644,0.004345765784612516,8.014941875192216,1.120412135938767,7.1535657443380725,0.031087721249720562,3,0.3333333333333333,"Under-resolved Kolmogorov scale: max(dx,dy,dz)/eta=1.9. Treat this as DNS-style/no-SGS, not resolved DNS, unless the box/grid is changed. | Fixed numerical population uses super-droplet weight=22.874; it is not literal 1:1 physical sampling. | kappa_hygro is sampled but inactive in the requested clamp-only dr^2/dt=2GS law. A kappa-Kohler equilibrium term is required for it to affect trajectories/survival. | Nearest simple periodic Fourier wavelength is 0.333333 m, 7.4% from sampled L0."
case_087,0.0003494783378781835,-0.498801759629199,489.10106207746384,0.46059164299672395,0.25152136193974967,0.12496072842566276,489101062.07746387,0.539408357003276,263825200.3037621,12500000,21.106016024300967,0.0017628419586344412,0.2071741180748075,0.00390625,2.2158821333172245,0.0012308641975308644,0.005941206406325415,5.656873887283326,1.0023771776019446,5.64345838441439,0.03352895110731365,4,0.25,"Under-resolved Kolmogorov scale: max(dx,dy,dz)/eta=2.22. Treat this as DNS-style/no-SGS, not resolved DNS, unless the box/grid is changed. | Fixed numerical population uses super-droplet weight=21.106; it is not literal 1:1 physical sampling. | kappa_hygro is sampled but inactive in the requested clamp-only dr^2/dt=2GS law. A kappa-Kohler equilibrium term is required for it to affect trajectories/survival."
case_088,0.0006359059016680267,-0.13111865184769267,275.5187646289372,0.19889838373562427,0.2980100507526346,0.022963590229469213,275518764.62893724,0.8011016162643757,220718527.65540573,12500000,17.65748221243246,0.0015178198576265005,0.15358514134702206,0.00390625,2.5735926304906966,0.0012308641975308644,0.008014214049194742,5.188275020029809,3.813244667744031,1.3605932669144112,0.010904085674945246,3,0.3333333333333333,"Under-resolved Kolmogorov scale: max(dx,dy,dz)/eta=2.57. Treat this as DNS-style/no-SGS, not resolved DNS, unless the box/grid is changed. | Fixed numerical population uses super-droplet weight=17.6575; it is not literal 1:1 physical sampling. | kappa_hygro is sampled but inactive in the requested clamp-only dr^2/dt=2GS law. A kappa-Kohler equilibrium term is required for it to affect trajectories/survival. | Nearest simple periodic Fourier wavelength is 0.333333 m, 11.9% from sampled L0."
case_089,0.0032470608904790416,-0.46071152574056995,392.7374110438928,0.14182240539127297,0.2661924256986347,0.46693531053021553,392737411.0438928,0.858177594608727,337038446.7225068,12500000,26.963075737800544,0.0010097080903608761,0.06796736184934712,0.00390625,3.8686923847504096,0.0012308641975308644,0.0181096362142043,2.794475576468287,1.0852506873933663,2.574958586923599,0.04663156327582794,4,0.25,"Under-resolved Kolmogorov scale: max(dx,dy,dz)/eta=3.87. Treat this as DNS-style/no-SGS, not resolved DNS, unless the box/grid is changed. | Fixed numerical population uses super-droplet weight=26.9631; it is not literal 1:1 physical sampling. | kappa_hygro is sampled but inactive in the requested clamp-only dr^2/dt=2GS law. A kappa-Kohler equilibrium term is required for it to affect trajectories/survival. | Nearest simple periodic Fourier wavelength is 0.25 m, 6.1% from sampled L0."
case_090,0.0005186286724700331,-0.4743823118723417,97.83350430587731,0.1526282329971061,0.09639057727873693,0.04305558081469517,97833504.30587731,0.847371767002894,82901349.4157565,12500000,6.63210795326052,0.0015971816557380032,0.17006594942839928,0.00390625,2.445714290523237,0.0012308641975308644,0.0072375699054858696,2.6166012616002816,1.053975849197659,2.482600776471467,0.01796799666712574,10,0.1,"Under-resolved Kolmogorov scale: max(dx,dy,dz)/eta=2.45. Treat this as DNS-style/no-SGS, not resolved DNS, unless the box/grid is changed. | Fixed numerical population uses super-droplet weight=6.63211; it is not literal 1:1 physical sampling. | kappa_hygro is sampled but inactive in the requested clamp-only dr^2/dt=2GS law. A kappa-Kohler equilibrium term is required for it to affect trajectories/survival."
case_091,0.004857834243906756,-0.31798299668501373,57.73097978638296,0.20564672773411605,0.23154896949139886,0.031695715853750576,57730979.78638296,0.7943532722658839,45858792.704428904,12500000,3.668703416354312,0.0009129726579102031,0.0555679382727747,0.00390625,4.278605680197934,0.0012308641975308644,0.022150618428359463,2.226457131966877,1.5723718098526998,1.4159864212876292,0.031364974917680526,4,0.25,"Under-resolved Kolmogorov scale: max(dx,dy,dz)/eta=4.28. Treat this as DNS-style/no-SGS, not resolved DNS, unless the box/grid is changed. | Fixed numerical population uses super-droplet weight=3.6687; it is not literal 1:1 physical sampling. | kappa_hygro is sampled but inactive in the requested clamp-only dr^2/dt=2GS law. A kappa-Kohler equilibrium term is required for it to affect trajectories/survival. | Nearest simple periodic Fourier wavelength is 0.25 m, 8.0% from sampled L0."
case_092,0.00012831228098887252,-0.3689145629982883,160.15792883606716,0.39308358346333727,0.2722201584922384,0.06363612011790527,160157928.83606717,0.6069164165366627,97202476.24911973,12500000,7.776198099929578,0.0022646515450311594,0.3419097746941345,0.00390625,1.7248790475385272,0.0012308641975308644,0.0035999678530161073,8.327681622180432,1.355293474826365,6.144559666862812,0.022120217271645485,4,0.25,"Under-resolved Kolmogorov scale: max(dx,dy,dz)/eta=1.72. Treat this as DNS-style/no-SGS, not resolved DNS, unless the box/grid is changed. | Fixed numerical population uses super-droplet weight=7.7762; it is not literal 1:1 physical sampling. | kappa_hygro is sampled but inactive in the requested clamp-only dr^2/dt=2GS law. A kappa-Kohler equilibrium term is required for it to affect trajectories/survival. | Nearest simple periodic Fourier wavelength is 0.25 m, 8.2% from sampled L0."
case_093,0.00021931015360197693,-0.44223653023691145,290.07267148371614,0.4155721466159744,0.4577018297291426,0.2231961796574174,290072671.48371613,0.5844278533840256,169526548.72059786,12500000,13.56212389764783,0.0019806318544834957,0.2615268361996488,0.00390625,1.9722241622831327,0.0012308641975308644,0.004706454662232929,9.848471958886588,1.1305884200297762,8.710925907614735,0.040997577850258975,2,0.5,"Under-resolved Kolmogorov scale: max(dx,dy,dz)/eta=1.97. Treat this as DNS-style/no-SGS, not resolved DNS, unless the box/grid is changed. | Fixed numerical population uses super-droplet weight=13.5621; it is not literal 1:1 physical sampling. | kappa_hygro is sampled but inactive in the requested clamp-only dr^2/dt=2GS law. A kappa-Kohler equilibrium term is required for it to affect trajectories/survival. | Nearest simple periodic Fourier wavelength is 0.5 m, 9.2% from sampled L0."
case_094,0.0015182271152309077,-0.21793422364819026,415.3959024099049,0.18758432773219996,0.43523581368110126,0.5519209952202815,415395902.4099049,0.8124156722678,337474141.3136323,12500000,26.997931305090585,0.001221052278616126,0.09939791114090891,0.00390625,3.1990849764656515,0.0012308641975308644,0.012383199841956046,4.996940387171794,2.294212866755276,2.178063099366628,0.026971390627847126,2,0.5,"Under-resolved Kolmogorov scale: max(dx,dy,dz)/eta=3.2. Treat this as DNS-style/no-SGS, not resolved DNS, unless the box/grid is changed. | Fixed numerical population uses super-droplet weight=26.9979; it is not literal 1:1 physical sampling. | kappa_hygro is sampled but inactive in the requested clamp-only dr^2/dt=2GS law. A kappa-Kohler equilibrium term is required for it to affect trajectories/survival. | Nearest simple periodic Fourier wavelength is 0.5 m, 14.9% from sampled L0."
case_095,0.000621631326081689,-0.19003436822296893,376.1815695698367,0.4867913726355356,0.2890477168687608,0.5876395702193908,376181569.56983674,0.5132086273644644,193059626.95874566,12500000,15.444770156699652,0.0015264592723278957,0.15533852733838727,0.00390625,2.5590266774971684,0.0012308641975308644,0.007923753486149428,5.122343889838626,2.631037241712828,1.94689144213859,0.01542668785180014,3,0.3333333333333333,"Under-resolved Kolmogorov scale: max(dx,dy,dz)/eta=2.56. Treat this as DNS-style/no-SGS, not resolved DNS, unless the box/grid is changed. | Fixed numerical population uses super-droplet weight=15.4448; it is not literal 1:1 physical sampling. | kappa_hygro is sampled but inactive in the requested clamp-only dr^2/dt=2GS law. A kappa-Kohler equilibrium term is required for it to affect trajectories/survival. | Nearest simple periodic Fourier wavelength is 0.333333 m, 15.3% from sampled L0."
case_096,0.0004181338799770419,-0.3570222110697636,483.89761493896964,0.17648915870443593,0.12652586513772485,0.21137346568207205,483897614.9389696,0.8235108412955641,398494931.9793078,12500000,31.87959455834462,0.0016855421010579321,0.1894034782959192,0.00390625,2.3175036669497833,0.0012308641975308644,0.0064986356565627235,3.370397243237995,1.4004380805940964,2.4066735187664987,0.015640094342761247,8,0.125,"Under-resolved Kolmogorov scale: max(dx,dy,dz)/eta=2.32. Treat this as DNS-style/no-SGS, not resolved DNS, unless the box/grid is changed. | Fixed numerical population uses super-droplet weight=31.8796; it is not literal 1:1 physical sampling. | kappa_hygro is sampled but inactive in the requested clamp-only dr^2/dt=2GS law. A kappa-Kohler equilibrium term is required for it to affect trajectories/survival."
case_097,0.001180537705981668,-0.29502912264348913,61.56003520871056,0.2835304218992434,0.42669974690375434,0.22052735270237825,61560035.20871056,0.7164695781007566,44105892.45385258,12500000,3.5284713963082064,0.001300314718927668,0.11272122455066266,0.00390625,3.0040804300218733,0.0012308641975308644,0.010919542459172375,5.362759273536882,1.694705578622423,3.1644194373255754,0.03455401240450698,2,0.5,"Under-resolved Kolmogorov scale: max(dx,dy,dz)/eta=3. Treat this as DNS-style/no-SGS, not resolved DNS, unless the box/grid is changed. | Fixed numerical population uses super-droplet weight=3.52847; it is not literal 1:1 physical sampling. | kappa_hygro is sampled but inactive in the requested clamp-only dr^2/dt=2GS law. A kappa-Kohler equilibrium term is required for it to affect trajectories/survival. | Nearest simple periodic Fourier wavelength is 0.5 m, 17.2% from sampled L0."
case_098,0.00012572066426716423,-0.471182534502186,309.28445799056954,0.29436780427000625,0.15059509791140324,0.492903361162425,309284457.99056953,0.7056321957299938,218241071.1970466,12500000,17.45928569576373,0.0022762333262164453,0.34541587702522547,0.00390625,1.7161026310483594,0.0012308641975308644,0.003563426812140935,5.650302090599449,1.0611333472456639,5.324780439014271,0.01897446538514703,7,0.14285714285714285,"Under-resolved Kolmogorov scale: max(dx,dy,dz)/eta=1.72. Treat this as DNS-style/no-SGS, not resolved DNS, unless the box/grid is changed. | Fixed numerical population uses super-droplet weight=17.4593; it is not literal 1:1 physical sampling. | kappa_hygro is sampled but inactive in the requested clamp-only dr^2/dt=2GS law. A kappa-Kohler equilibrium term is required for it to affect trajectories/survival. | Nearest simple periodic Fourier wavelength is 0.142857 m, 5.1% from sampled L0."
case_099,0.0001803760178721935,-0.41687757610020965,243.44705447763266,0.2736505095766998,0.395830850418898,0.19775132256719463,243447054.47763267,0.7263494904233002,176827643.9648819,12500000,14.146211517190551,0.0020798104001508904,0.2883740867050537,0.00390625,1.8781760105231715,0.0012308641975308644,0.004268289885525604,9.541430575053253,1.1993629033186768,7.955415786707926,0.03395602073755616,3,0.3333333333333333,"Under-resolved Kolmogorov scale: max(dx,dy,dz)/eta=1.88. Treat this as DNS-style/no-SGS, not resolved DNS, unless the box/grid is changed. | Fixed numerical population uses super-droplet weight=14.1462; it is not literal 1:1 physical sampling. | kappa_hygro is sampled but inactive in the requested clamp-only dr^2/dt=2GS law. A kappa-Kohler equilibrium term is required for it to affect trajectories/survival. | Nearest simple periodic Fourier wavelength is 0.333333 m, 15.8% from sampled L0."
